transaction_id,cust_id,make_model_id,employee_id,stamp,vin,color,car_year,price
1,275,95,29,2021-05-05,JTHBS1BL6D5192578,Khaki,2010,24540.8
2,74,463,5,2021-05-05,KMHTC6AD3CU796678,Goldenrod,1993,36294.43
3,273,352,16,2021-05-06,5LMJJ2H5XAE237234,Aquamarine,1996,30639.98
4,882,435,21,2021-05-06,3C3CFFHHXET101229,Goldenrod,1987,30775.7
5,418,31,22,2021-05-06,WA1YD64B63N897140,Maroon,2009,35405.53
6,729,31,20,2021-05-06,WA1CGAFE7BD020589,Green,2009,45801.88
7,317,475,3,2021-05-07,2C3CCABG3FH633394,Indigo,1998,26104.97
8,428,480,30,2021-05-07,JTDKN3DP5F3451225,Goldenrod,2003,28957.18
9,773,522,10,2021-05-08,1D4RD5GG4BC758911,Blue,2011,3085.62
10,513,366,21,2021-05-08,KMHGH4JH7CU799979,Aquamarine,2012,22596.29
11,413,228,20,2021-05-08,SCBFR7ZA0CC155447,Mauv,1998,27209.27
12,277,332,21,2021-05-08,1HGCR6F51FA448499,Goldenrod,1996,42045.89
13,546,144,19,2021-05-08,1G6YV36AX75327253,Turquoise,2003,46387.06
14,184,289,15,2021-05-09,1G6DJ1E33D0741632,Pink,2006,19029.26
15,824,158,31,2021-05-10,WBAYM9C5XDD782824,Red,1990,7418.79
16,390,518,25,2021-05-10,1G6KD57Y19U348548,Maroon,2005,28428.94
17,846,369,26,2021-05-11,WA1WMBFE0DD355546,Violet,2007,25403.05
18,486,523,4,2021-05-11,2T1BURHE4EC597121,Pink,2012,27581.26
19,638,28,11,2021-05-11,KNAFU5A20C5688436,Red,2008,38316.58
20,646,9,17,2021-05-12,2G61P5S33F9534891,Indigo,2005,19716.59
21,730,4,16,2021-05-13,WAUDG74F29N342342,Indigo,2012,3005.7
22,19,279,10,2021-05-13,1C3BC5ED5AN159999,Purple,1988,23041.64
23,849,197,20,2021-05-13,WA1CV74L69D261516,Mauv,1980,29434.28
24,916,224,5,2021-05-14,JN1AY1AP1DM061633,Maroon,1996,12069.23
25,713,468,32,2021-05-14,WAUAFAFL3DA035302,Goldenrod,1993,40454.28
26,11,397,8,2021-05-14,2C3CDXEJXDH997283,Goldenrod,2012,54136.24
27,760,267,32,2021-05-15,JN1CY0AP2AM792070,Khaki,1994,45317.83
28,953,46,30,2021-05-16,WP0AA2A8XCS808415,Green,1989,44420.96
29,128,313,2,2021-05-17,WBAEB5C53AC572715,Yellow,1990,8101.25
30,110,330,14,2021-05-17,1C4RJEAG3EC900233,Khaki,1997,8934.17
31,731,424,10,2021-05-17,WBADS33481G385129,Fuscia,1992,32149.73
32,282,467,26,2021-05-17,1G6DN57U370705154,Puce,2006,53101.94
33,61,471,28,2021-05-18,WDDGF4HB0CA947828,Turquoise,2006,12576.9
34,841,266,1,2021-05-18,1GKUKFDJXAR493432,Teal,2007,36613.6
35,702,19,12,2021-05-19,WAUBFAFL8DA468053,Violet,2006,4615.26
36,694,504,11,2021-05-19,WBAKG7C52CE149325,Orange,2010,39818
37,584,39,20,2021-05-19,WAUKF98E48A788277,Khaki,2012,40432.55
38,248,317,9,2021-05-19,WBSVA93518E620524,Crimson,2005,43355.01
39,539,164,28,2021-05-19,1N6AF0KX0EN549377,Mauv,1996,51038.82
40,190,60,4,2021-05-20,WBADN53492G960228,Aquamarine,1997,6279.46
41,441,386,20,2021-05-20,1FADP5CU9FL113998,Maroon,1997,31901.66
42,957,246,30,2021-05-20,NM0AE8F74E1623516,Maroon,2011,38348.58
43,397,321,6,2021-05-21,JN1AZ4EH3FM532038,Blue,2002,20124.3
44,140,127,27,2021-05-22,19UUA8F72CA491706,Goldenrod,1998,7281.98
45,940,333,27,2021-05-22,WBANV93528C236837,Fuscia,2003,10597.74
46,89,120,24,2021-05-22,WVWAP7AN8EE689167,Green,1996,11904.32
47,337,236,28,2021-05-22,SCBDR33W87C428628,Red,2009,15851.56
48,427,160,17,2021-05-22,1G6DM57T470280859,Crimson,2007,21123.29
49,399,506,6,2021-05-22,JM1NC2EF5A0616851,Crimson,1999,28383.32
50,788,21,25,2021-05-22,2LMDJ8JK4FB276251,Mauv,1993,28987.65
51,744,500,3,2021-05-22,2G61P5S38E9629476,Red,2011,37540.29
52,721,401,20,2021-05-22,WAUSF98E68A544212,Red,2005,42407.98
53,585,416,24,2021-05-22,1G6DL1E39C0208550,Khaki,1964,46353.73
54,653,161,1,2021-05-23,2G4GZ5GV0B9768360,Fuscia,2004,12773.86
55,60,356,27,2021-05-23,JN8AZ1MU7EW955934,Maroon,2009,12852.5
56,172,233,3,2021-05-23,2T1BURHE4FC626747,Orange,1996,15800.17
57,817,222,16,2021-05-23,1GYS3AEF1DR067902,Blue,2012,17218.39
58,955,373,27,2021-05-23,1GYUKFEJ2AR755254,Orange,1994,36514.82
59,485,315,6,2021-05-23,1GYFK43539R701475,Indigo,2006,38520.72
60,604,378,15,2021-05-24,5UXFE83509L739400,Indigo,1991,36536.78
61,304,78,19,2021-05-24,1G6DX67D380840328,Puce,2004,37395.54
62,617,87,22,2021-05-24,2B3CA4CD5AH641563,Violet,1996,52577.36
63,708,394,7,2021-05-25,5N1AR2MMXFC504254,Pink,2012,12868.64
64,162,239,5,2021-05-25,WBAEK73454B750072,Fuscia,2002,19005.3
65,53,329,3,2021-05-26,JH4NA21681T964183,Blue,1996,4624.63
66,315,194,16,2021-05-27,1D7RE3BK8BS085059,Mauv,1993,31176.3
67,559,510,21,2021-05-27,WAUMFAFL7AN211950,Crimson,2004,45666.31
68,219,60,16,2021-05-28,WA1AY74L68D884440,Fuscia,1994,15514.61
69,499,5,13,2021-05-28,1G4PR5SK4E4096436,Green,1998,23157.89
70,915,242,2,2021-05-28,5YMGZ0C52E0049307,Pink,1997,38718.42
71,21,124,12,2021-05-29,JN8AZ1MU7DW050382,Teal,1999,7289.69
72,28,478,30,2021-05-29,WBAPK53599A637891,Purple,2006,25826.33
73,353,1,27,2021-05-30,KMHTC6AD7EU760205,Pink,2001,48393.86
74,610,309,15,2021-05-31,3GTU1YEJXDG789063,Puce,2011,21361.92
75,281,167,7,2021-05-31,1GD312CG4CF984944,Puce,1991,52509.2
76,905,256,2,2021-06-01,1GYS3CEF9ER267164,Green,1993,14720.97
77,859,420,6,2021-06-01,WBA3V5C51F5584890,Crimson,2006,35802.48
78,961,104,11,2021-06-01,4A4AP3AU5EE250534,Puce,2005,48063.28
79,865,47,30,2021-06-01,2G4GS5GX5E9442158,Fuscia,1999,49587.47
80,671,364,27,2021-06-02,1C3BC4FBXBN097265,Mauv,1985,5077.23
81,876,403,15,2021-06-02,5GAKRAKD4EJ378359,Maroon,2001,8185.51
82,481,7,19,2021-06-02,1FTEX1CM8BK728594,Fuscia,1998,20409.3
83,834,193,5,2021-06-02,SALAG2V60EA468183,Crimson,2000,31861.69
84,410,99,3,2021-06-02,1C3BCBFG0DN426316,Orange,2004,36128.02
85,864,56,13,2021-06-02,2HNYD2H84CH946495,Teal,1994,50001.88
86,80,224,18,2021-06-03,3C4PDCAB5DT879038,Yellow,1997,3550.58
87,341,269,7,2021-06-03,3FA6P0PU7FR017147,Mauv,1993,13130.04
88,104,480,28,2021-06-03,1FTMF1E83AF804986,Pink,2008,35392.18
89,393,465,16,2021-06-04,WA1WKAFP2CA360524,Crimson,2006,8674.78
90,907,458,12,2021-06-04,5NPEB4AC4BH269771,Red,1998,11818.43
91,735,256,13,2021-06-04,4A31K2DFXCE714845,Aquamarine,1993,18145.21
92,689,68,28,2021-06-04,SCBZK22E11C773231,Fuscia,2000,18826.48
93,382,294,23,2021-06-04,SCBZB25E12C000370,Fuscia,2011,19686.36
94,385,269,7,2021-06-04,WBA4C9C5XFD060306,Puce,1994,29216.77
95,607,341,24,2021-06-04,1N6AA0CC5EN936551,Mauv,1999,35958.32
96,696,517,11,2021-06-04,1FMCU0E73AK958202,Turquoise,2009,49656.12
97,82,495,7,2021-06-05,WBAKF9C55BE361598,Violet,2003,23184.25
98,14,477,7,2021-06-05,WAUSF78E28A798309,Green,1995,27511.46
99,298,432,14,2021-06-05,JHMZE2H38ES530889,Mauv,2010,43361.14
100,319,151,17,2021-06-05,1GD022CG6CZ266858,Green,1996,43526.4
101,710,57,26,2021-06-05,19UUB2F59FA196986,Indigo,1995,44239.22
102,228,475,26,2021-06-06,1GKS1KE01ER964317,Turquoise,2001,8337
103,147,134,3,2021-06-06,5UXZW0C50CL832694,Yellow,2000,9622.03
104,329,268,21,2021-06-06,SCFAD02A16G068789,Purple,2003,43282.49
105,860,360,10,2021-06-07,5FRYD4H49GB165626,Aquamarine,1994,31518.04
106,198,222,7,2021-06-07,WBADW7C5XDE648838,Orange,2002,43165.14
107,517,399,1,2021-06-08,WUATNAFGXEN077500,Puce,2008,20397.85
108,46,388,24,2021-06-08,1C3CCBAG6EN450195,Teal,2011,28124.59
109,425,267,8,2021-06-08,1D7RW5GKXBS294496,Green,2004,41177.11
110,467,497,6,2021-06-09,5N1AN0NW8EN442629,Maroon,1993,8641.09
111,711,468,11,2021-06-09,WAUEH74F56N330490,Crimson,1995,24765.44
112,241,400,30,2021-06-09,2T1BURHE6EC802177,Mauv,2010,26544.09
113,921,304,29,2021-06-09,WAUKG98E46A166045,Violet,2007,39951.46
114,681,41,1,2021-06-09,1C3BC5ED1AN615481,Indigo,2001,49193.62
115,821,379,23,2021-06-09,WBANV13559C399291,Fuscia,2008,51402.27
116,391,431,19,2021-06-10,WVWAB7AJ8CW010596,Blue,1992,37613.26
117,84,252,4,2021-06-10,TRUSC28NX31057466,Goldenrod,2005,41672.43
118,447,453,3,2021-06-10,WBAVS135X8F855629,Blue,2004,54656.7
119,299,141,3,2021-06-11,1FTEX1CMXBF733126,Orange,1998,37602.85
120,330,403,17,2021-06-11,WAUVT58E85A453999,Crimson,1996,38668.45
121,726,334,22,2021-06-11,1G6DE5E58C0157321,Indigo,1985,44241.75
122,113,382,21,2021-06-11,3N1AB6AP9CL865749,Green,2008,45678.25
123,777,407,30,2021-06-12,3D73M4CLXBG061651,Red,2000,22410.07
124,313,117,6,2021-06-12,4T1BF3EK6AU612812,Pink,2004,25619.93
125,967,245,8,2021-06-12,1FTEW1C87AF475507,Yellow,2008,39384.06
126,67,26,2,2021-06-12,WAULFAFH5AN551542,Khaki,2006,42275.63
127,781,174,17,2021-06-12,1FTWW3A54AE441636,Teal,2010,44312.4
128,26,271,11,2021-06-12,1G6DL8E38D0325661,Teal,2011,53956.07
129,93,525,18,2021-06-13,5J8TB2H5XCA625802,Puce,2007,13427.5
130,733,124,21,2021-06-13,KNAGG4A88A5670810,Khaki,1994,22249.82
131,923,467,30,2021-06-13,2HNYD28348H453945,Aquamarine,2005,22465.56
132,992,222,6,2021-06-13,1G6AA5RAXE0518573,Turquoise,2011,28591.75
133,514,239,23,2021-06-13,3GYFNAE35FS343273,Pink,2004,49885.03
134,874,198,19,2021-06-14,2HNYD2H66DH631522,Yellow,1996,9634.88
135,150,505,19,2021-06-14,WAUAH74F08N155440,Red,1989,10772.22
136,669,421,32,2021-06-14,JM1BL1L30C1421775,Purple,1992,18101.26
137,383,226,26,2021-06-14,1GYS3TKJ8FR744208,Yellow,1989,22004.54
138,785,450,18,2021-06-14,WAUDF98E35A916979,Fuscia,1993,31950.09
139,239,334,4,2021-06-15,3C4PDDDG3CT543447,Orange,1986,14844.11
140,782,494,21,2021-06-15,4USCN53462L015172,Teal,1998,41412.67
141,883,332,18,2021-06-16,19UUA66207A446844,Crimson,1998,7549.97
142,668,480,24,2021-06-16,WBA3T3C50FP804583,Fuscia,1998,21622.03
143,985,360,13,2021-06-16,1D7RB1CP8AS844587,Pink,1995,40404.03
144,510,64,6,2021-06-16,WAU2GBFC8CN164294,Green,1987,42229.74
145,856,331,4,2021-06-17,WAUDL74F95N929966,Yellow,1993,23665.66
146,165,443,28,2021-06-17,1FTWX3D50AE271283,Blue,1990,34860.04
147,58,301,4,2021-06-18,1HGCR2E39FA620755,Purple,2002,31660.85
148,87,172,19,2021-06-18,JN1CV6FE8FM491295,Goldenrod,2011,40732.85
149,119,285,9,2021-06-18,1GD11ZCG6CF092386,Teal,1998,47500.1
150,887,471,10,2021-06-18,WAULT58E93A988473,Teal,2004,50459.62
151,9,23,25,2021-06-19,JN8AF5MV4FT746159,Aquamarine,1999,26426.33
152,855,492,13,2021-06-19,1GD21ZCG8BZ334158,Blue,1995,30014.52
153,616,287,17,2021-06-20,WA1LMAFE0AD760086,Teal,2009,3553.73
154,528,14,17,2021-06-20,SALFR2BG9EH849938,Crimson,2007,36831.7
155,208,87,16,2021-06-21,WBAGN63432D605284,Puce,1985,4608.16
156,436,164,6,2021-06-23,JA32U2FU2DU216576,Teal,2000,6392.57
157,292,113,16,2021-06-23,1G6DK8EV3A0567662,Aquamarine,1995,43596.27
158,832,26,28,2021-06-23,1N6AA0EC5DN010839,Fuscia,2004,45761.63
159,412,99,20,2021-06-24,WAUHF98P96A369320,Green,1996,5476.21
160,839,123,11,2021-06-24,5NPEB4AC1BH480765,Khaki,1995,8165.64
161,4,81,21,2021-06-24,WAUCFAFC1EN853517,Goldenrod,1998,20456.28
162,307,471,5,2021-06-24,1FTSW3A55AE633131,Yellow,2001,44731.54
163,45,234,31,2021-06-24,1G6KD57Y78U294350,Khaki,2004,49884.19
164,434,231,11,2021-06-25,WBAHN03546D846819,Orange,1996,11788.45
165,318,402,5,2021-06-25,19UUA9F70DA743198,Violet,2004,13159.19
166,323,254,7,2021-06-25,KNDJT2A27D7306858,Khaki,1999,23266.77
167,234,505,4,2021-06-25,WBAGH03441D778167,Goldenrod,1992,34787.27
168,470,321,32,2021-06-25,JTDKN3DU6F0819760,Violet,2003,35946.45
169,394,291,1,2021-06-26,SALGS2TF1FA920557,Blue,1990,6349.73
170,294,166,4,2021-06-26,JTEBU5JR0B5637043,Orange,2013,12642.45
171,738,118,6,2021-06-27,SCFAD01A96G138704,Aquamarine,2007,27516.82
172,566,457,25,2021-06-28,WBA3G7C54EK822110,Yellow,1996,33122.87
173,167,502,31,2021-06-28,SCFEBBCF1BG199390,Goldenrod,1989,45320.79
174,151,211,8,2021-06-28,WVWAP7AN8EE912601,Mauv,1996,48114.76
175,455,407,9,2021-06-28,5XXGM4A78DG205771,Purple,2002,48465.63
176,502,412,29,2021-06-29,WAU2GBFC2EN956198,Aquamarine,2000,46914.03
177,895,355,6,2021-06-30,5J8TB18547A639663,Mauv,2006,26571.23
178,870,104,30,2021-07-01,3N1CN7APXEL604302,Green,2011,26104.88
179,30,222,17,2021-07-01,2C3CCAGG8FH679568,Maroon,2005,30787.83
180,335,341,23,2021-07-01,WUAPV54B23N559407,Green,2006,40218.92
181,355,174,11,2021-07-01,JTDKN3DU7B0979639,Green,2003,45266.02
182,743,211,30,2021-07-01,WBASP4C54CC832606,Aquamarine,2011,52506.01
183,388,149,18,2021-07-02,5TFBY5F11DX493358,Turquoise,2000,26530.67
184,396,168,15,2021-07-02,5FPYK1F29DB815615,Violet,1985,27333.76
185,475,33,26,2021-07-02,JTDJTUD32ED141949,Khaki,1990,36428.36
186,463,103,17,2021-07-03,WVWED7AJ1BW580708,Khaki,1996,6982.04
187,561,216,28,2021-07-04,1C4RDJDG3DC176618,Aquamarine,2006,43125.24
188,640,140,26,2021-07-05,5N1AL0MM1EC658937,Puce,2009,11651.12
189,289,468,32,2021-07-05,1FTNF2B52AE730759,Turquoise,1993,15718.81
190,496,519,25,2021-07-05,3VW517AT6EM100531,Red,2009,18508.64
191,143,433,25,2021-07-05,1G6KE57Y52U273758,Aquamarine,2002,21377.11
192,504,396,15,2021-07-05,KMHTC6AD7CU708960,Blue,2001,45887.64
193,980,337,19,2021-07-06,5YMGZ0C52AL314316,Violet,1992,6637.87
194,764,221,21,2021-07-06,1FTFW1E88AF359122,Blue,1994,42128.41
195,444,421,4,2021-07-06,WAUVT68E94A567529,Red,2005,50271.26
196,134,108,13,2021-07-07,WAUDK78T19A406053,Puce,2012,12941.41
197,142,62,6,2021-07-07,4T1BB3EK9AU617112,Purple,1991,48184.58
198,958,436,30,2021-07-08,1N6AD0CUXCC443411,Teal,2004,20856.33
199,278,55,6,2021-07-08,1G4GF5G31DF668625,Blue,2008,37649.82
200,213,131,30,2021-07-08,3D7JB1EP0AG248438,Green,1995,47304.11
201,754,480,1,2021-07-08,JN1CV6EK5CM306199,Green,2002,50442.74
202,973,508,17,2021-07-09,1G6DG5EY7B0811504,Red,2003,16837.53
203,828,375,21,2021-07-09,ZFF60FCA3A0680495,Orange,2000,18593.58
204,552,486,18,2021-07-09,1G6DH5EG5A0367946,Goldenrod,2005,44270.25
205,651,483,6,2021-07-10,1FTEX1CW8AF118283,Blue,2001,23046.19
206,101,106,31,2021-07-10,1YVHZ8AH3A5970886,Blue,2003,28892.4
207,196,108,6,2021-07-11,5NPEB4ACXDH248765,Fuscia,2012,13229.44
208,718,433,2,2021-07-11,1G4HD57287U608570,Yellow,2002,44187.79
209,296,360,21,2021-07-13,1G6DL8EY4B0301835,Pink,1994,18185.36
210,919,204,2,2021-07-13,3C63D2CL7CG684393,Orange,2008,47283.73
211,947,24,29,2021-07-14,WP0AA2A90BS701767,Blue,2010,42887.49
212,592,84,29,2021-07-15,JM1NC2EF8A0572277,Turquoise,2002,42731.15
213,174,444,18,2021-07-16,5N1AN0NW7DN666893,Teal,1999,19385.15
214,456,243,22,2021-07-16,3VWKX7AJ6AM295217,Yellow,2007,22218.82
215,757,73,13,2021-07-16,3C6TD5DT5CG027530,Indigo,1994,34549.19
216,815,413,8,2021-07-16,JH4KC1F36EC350342,Pink,1994,37981.33
217,892,177,23,2021-07-16,WBAEW53402P587825,Blue,2011,52339.85
218,368,225,28,2021-07-17,JH4KB16547C548375,Maroon,2012,11770.36
219,347,339,22,2021-07-17,2G61N5S31D9702563,Orange,2001,27561.09
220,750,320,31,2021-07-17,WBAVD13506K401243,Khaki,1999,51002.95
221,408,79,18,2021-07-18,JM1DE1KY7C0640884,Violet,2008,14959.57
222,204,443,20,2021-07-18,1FTWX3B56AE775355,Purple,1987,25270.77
223,938,212,2,2021-07-19,WBA3B3C54EF130753,Fuscia,2011,21106.88
224,761,460,4,2021-07-20,WBADT53463C745436,Orange,1995,12188.93
225,297,72,9,2021-07-20,5N1AA0NE0EN616874,Puce,2009,21451.8
226,657,339,21,2021-07-20,3N1AB7AP8FY287950,Pink,1998,24080.84
227,494,318,9,2021-07-20,WAURGAFD3EN174655,Blue,2012,24828.25
228,161,374,27,2021-07-20,19UUA8F33EA625056,Yellow,1994,48843.77
229,422,268,2,2021-07-20,5UXFE4C52AL250848,Fuscia,2002,53157.66
230,54,392,11,2021-07-22,2B3CK3CV5AH329369,Fuscia,1990,15648.05
231,951,184,11,2021-07-22,WVWEU9AN9AE162254,Red,2004,28688.83
232,352,72,19,2021-07-22,5TDDK3DC8CS327507,Indigo,2007,46937.88
233,618,421,5,2021-07-23,2T1BU4EE0DC480903,Yellow,1993,21566.8
234,680,35,3,2021-07-23,3D73M4EL8AG737946,Teal,2006,38497.51
235,107,371,30,2021-07-23,1C4NJPBA0ED762911,Maroon,2010,39832.37
236,350,193,20,2021-07-24,5N1AR1NB7CC617890,Pink,1986,37335.27
237,310,263,2,2021-07-25,WAUHGBFC4CN214845,Red,2000,6585.83
238,898,95,7,2021-07-25,SCBLC31E41C080616,Purple,2007,21394.01
239,752,44,26,2021-07-25,WAUXU54B92N789909,Purple,2010,27418.66
240,779,79,10,2021-07-25,WA1LYBFE0AD536858,Violet,2010,27429.46
241,635,25,31,2021-07-25,5TDBM5G11AS691143,Aquamarine,2007,28803.95
242,189,186,5,2021-07-26,SCBBR9ZAXAC738776,Teal,2002,30044.4
243,333,82,8,2021-07-26,3VW117AU7FM578899,Teal,1995,54744.46
244,483,232,27,2021-07-27,3VW217AUXFM124960,Violet,2004,7336.63
245,934,316,6,2021-07-27,SCBCR73W89C410622,Indigo,2010,8188.71
246,435,174,14,2021-07-27,5TDDK3DCXCS807662,Mauv,2001,12456.11
247,831,209,23,2021-07-27,WAUDFAFL9FN599416,Violet,2001,43610.95
248,157,99,19,2021-07-28,WBAEV53492K394542,Aquamarine,2000,6619.4
249,861,470,22,2021-07-28,KMHHT6KD2AU915273,Pink,1992,14050.45
250,920,99,8,2021-07-28,1FMJK1H52BE061773,Fuscia,2009,18856.73
251,52,47,28,2021-07-30,WAUDGAFL1CA650682,Pink,1998,7291.99
252,978,161,23,2021-07-30,2G4WC582991600887,Red,2008,9417.45
253,903,292,19,2021-07-30,2C3CCAJG3DH664658,Goldenrod,2007,23238.81
254,433,428,12,2021-07-30,1G6DA5EG7A0297273,Indigo,1987,33415.47
255,378,324,22,2021-07-30,WBAVB33566P487095,Teal,2010,51018.92
256,288,284,18,2021-07-31,WAUBF98E48A454251,Aquamarine,2010,27690.45
257,176,178,12,2021-07-31,WA1DMAFP8EA090820,Khaki,2008,33694.56
258,798,278,9,2021-08-01,3GYFK628X7G480669,Violet,2007,10550.73
259,320,336,11,2021-08-01,JN8AF5MR3CT132606,Purple,2006,30572.28
260,655,434,2,2021-08-01,WA1AM74L99D885675,Purple,1988,40970.54
261,495,351,6,2021-08-01,1GYS4GEF7BR915939,Aquamarine,1994,44172.63
262,742,109,32,2021-08-01,WBAWB73507P830772,Yellow,2007,53871.58
263,586,92,19,2021-08-02,WDDNG7DB0CA690889,Turquoise,2004,23092.89
264,747,445,2,2021-08-02,5UXFA53512L203572,Pink,2011,38375.63
265,500,48,18,2021-08-02,4T1BD1FK6FU007382,Blue,2002,40237.76
266,578,365,32,2021-08-02,1G6YX36D565244901,Pink,2003,40579.14
267,48,446,32,2021-08-02,WUAAU342X9N931999,Mauv,2009,45127.92
268,795,417,6,2021-08-02,JM3TB2BV5D0461185,Yellow,1987,52491.47
269,794,485,12,2021-08-03,YV4852CZ3A1567631,Aquamarine,1995,3551.22
270,784,180,31,2021-08-03,WAUGGAFR7EA469476,Yellow,1988,6590.28
271,414,502,4,2021-08-03,1FMNE1BW2AD818072,Red,1990,32693.15
272,230,322,16,2021-08-03,5YMKT6C51F0693364,Maroon,1986,48589
273,595,4,22,2021-08-04,3D73Y4EL9BG555324,Puce,2007,29403.87
274,357,86,13,2021-08-04,WP1AE2A2XCL984905,Red,1994,36404.04
275,880,32,1,2021-08-04,JN1BY1AR2EM209991,Purple,2009,36801.3
276,624,464,7,2021-08-04,WAUEH64B71N597002,Purple,2009,45618.7
277,55,51,6,2021-08-04,WBAPN73509A407904,Blue,2007,47032.93
278,896,269,26,2021-08-04,WAULT68EX5A842138,Purple,2004,53198.61
279,218,210,7,2021-08-05,WVGAV3AX1EW292812,Crimson,1998,19381.38
280,40,98,12,2021-08-05,1N4AA5AP3AC050777,Red,1999,27521.8
281,910,422,1,2021-08-05,WAUED54B21N327441,Turquoise,1964,39234.09
282,112,206,23,2021-08-05,3D7JV1EP4BG078710,Goldenrod,1998,42149.8
283,303,410,14,2021-08-05,JTHBP5C21C5896880,Turquoise,1990,53982.07
284,993,384,30,2021-08-06,JH4DC530X4S126506,Purple,1996,7218.9
285,369,29,31,2021-08-06,WAUEF98E78A575577,Puce,2008,17207.91
286,31,45,18,2021-08-06,KMHFG4JG5FA940950,Crimson,1995,40217.89
287,214,214,8,2021-08-06,3VW467AT7DM591574,Turquoise,1999,50619.72
288,627,343,4,2021-08-07,1FM5K7B87DG544996,Mauv,1990,26693.73
289,912,527,7,2021-08-07,4T1BF3EK8BU625885,Violet,2005,43594.36
290,829,459,17,2021-08-08,4JGBF2FE2BA346386,Orange,1989,29408.48
291,512,30,22,2021-08-08,WDDHF5KB4EA853103,Green,2009,51361.61
292,346,475,20,2021-08-09,JN8BS1MW7EM279930,Green,1997,11090.15
293,648,132,15,2021-08-09,WAUAC68D51A348715,Fuscia,1993,17028.16
294,392,458,13,2021-08-09,WBXPC93507W683135,Fuscia,2008,47991.69
295,797,101,12,2021-08-10,JTHBE1BL7FA582008,Violet,1995,8062.54
296,70,437,19,2021-08-11,3VW467AT1DM858594,Fuscia,2013,19507.02
297,690,509,22,2021-08-11,WA1WGBFP8EA431851,Turquoise,2008,42971.96
298,658,175,29,2021-08-11,WAUFFBFL9AN822464,Goldenrod,1996,52302.74
299,519,321,18,2021-08-12,WAUCFAFR8DA626657,Khaki,1989,6160.56
300,672,288,24,2021-08-12,WBAPH7C50AE709116,Violet,2001,34227.5
301,327,298,24,2021-08-12,WAUJT58E03A057254,Blue,2002,41145.66
302,734,283,7,2021-08-13,WUARU78E77N216688,Mauv,1997,29545.04
303,324,125,27,2021-08-14,WAUVT54B43N971691,Turquoise,1999,5488.21
304,558,18,29,2021-08-14,3VW517AT6FM003993,Turquoise,2005,28143.24
305,471,322,14,2021-08-14,1C4AJWAG2FL756078,Teal,1988,41734.51
306,862,467,32,2021-08-15,3C3CFFCR6CT392213,Blue,2011,32393.65
307,553,301,24,2021-08-16,WAUBH78E96A215063,Goldenrod,1992,26718.29
308,526,286,31,2021-08-16,WAUHGAFC0DN947762,Pink,2000,27450.46
309,577,173,27,2021-08-17,3D73M4CLXBG386851,Mauv,2001,12936.1
310,999,418,25,2021-08-17,JA32U1FU2AU294801,Maroon,1994,19815.59
311,15,167,20,2021-08-17,3GYEK63N62G147684,Red,1989,28146.44
312,300,137,1,2021-08-17,1G6AM5SX5E0254412,Teal,2011,35316.68
313,766,471,19,2021-08-17,1D7RE3BK1BS026676,Purple,1987,38795.28
314,933,70,20,2021-08-17,KL4CJESB1DB913618,Teal,2012,54303.84
315,709,170,25,2021-08-19,1C6RD6GP1CS477666,Turquoise,1985,9567.99
316,78,211,18,2021-08-19,1GYFC43539R667194,Pink,2006,19131.61
317,684,417,9,2021-08-19,3D73M4CL1BG322858,Indigo,1988,37485.5
318,497,87,21,2021-08-19,5FRYD3H69GB576987,Turquoise,2010,42776.17
319,580,59,18,2021-08-19,1G6DE5E50D0808748,Mauv,2009,51818.15
320,27,102,8,2021-08-20,3C3CFFFH9ET556270,Purple,1994,4137.31
321,914,126,14,2021-08-20,1G6AJ5S36D0320051,Yellow,1999,5210.22
322,262,288,18,2021-08-20,3D73M4HL6AG723815,Green,1992,36659.92
323,187,239,3,2021-08-20,5FNYF3H31FB123463,Yellow,2007,50165.2
324,489,261,1,2021-08-21,1N4AL3AP0EC960374,Violet,2005,10260.88
325,250,422,7,2021-08-21,1G6KF54975U518851,Orange,1992,16753.34
326,20,187,21,2021-08-22,1FMEU2DE8AU783003,Puce,2011,4113.12
327,975,79,28,2021-08-22,1G6YV36A285943417,Indigo,2008,35213.2
328,85,275,25,2021-08-22,1GYS3CEF8CR135641,Purple,2001,41973.36
329,49,395,23,2021-08-23,JTDKTUD34DD077190,Aquamarine,1992,36530.82
330,56,209,8,2021-08-23,WDDEJ9EB6DA376449,Mauv,2000,40510.16
331,105,253,32,2021-08-24,1GD322CG1EF934437,Crimson,1993,47778.5
332,663,72,12,2021-08-25,KNDMG4C31A6978810,Indigo,2006,9633.49
333,925,358,19,2021-08-25,WBAVB73597F566193,Goldenrod,2001,38425.26
334,477,111,12,2021-08-26,WAUXL68E04A299270,Indigo,1992,33938.23
335,3,321,25,2021-08-27,KM8NU4CC8BU479542,Green,2002,17971.02
336,698,161,28,2021-08-27,WAUCF78K09N566232,Orange,2008,28644.6
337,437,25,28,2021-08-27,1FTFW1E82AF739265,Blue,2009,49095.35
338,506,174,16,2021-08-28,3VWJX7AJ8AM348611,Aquamarine,2009,15567.73
339,264,514,12,2021-08-28,WAUAVAFD1BN433898,Crimson,1993,17288.37
340,918,370,30,2021-08-28,JA4AS2AW7AZ995669,Green,1996,48621.97
341,114,183,23,2021-08-29,2C3CDXBG0CH778677,Red,2010,7925.73
342,160,127,31,2021-08-30,WBAYP9C50FD934846,Turquoise,2011,15246.1
343,37,239,12,2021-08-31,WBABN53432P263287,Crimson,1997,5332.45
344,325,321,18,2021-08-31,WAUAFAFH9DN389930,Pink,1986,19782.49
345,71,502,24,2021-09-01,1N6BF0KM3FN116700,Yellow,1987,48119.86
346,290,480,26,2021-09-02,WBABD33446P883255,Pink,2005,11669.15
347,808,282,3,2021-09-02,5TDDK3DC4CS439804,Maroon,1995,16588.67
348,362,157,10,2021-09-02,1N6AA0CA2DN861417,Mauv,1992,30546.21
349,361,249,7,2021-09-02,WBA4B3C54FG396855,Yellow,1997,53608.66
350,88,389,2,2021-09-03,WBALY1C54ED833171,Aquamarine,2012,20072.88
351,269,496,12,2021-09-03,JA32X2HUXEU794740,Maroon,2009,23418.88
352,583,175,8,2021-09-03,4USCK73452L164578,Pink,2005,31857.28
353,542,140,22,2021-09-03,JTEBU5JR4F5649590,Puce,2005,51353.81
354,92,489,32,2021-09-04,1GYEC63898R934967,Violet,2008,47680.94
355,38,165,8,2021-09-05,WBAGK93491D148635,Teal,1992,15387.82
356,745,320,5,2021-09-05,1N4AB7AP6EN325237,Yellow,1994,24164.92
357,576,447,17,2021-09-05,YV4960BZXA1920924,Khaki,2008,35315.71
358,688,115,26,2021-09-05,1G6DL8EVXA0222237,Violet,2000,37989.73
359,240,523,18,2021-09-06,1D7RE2GK4BS849654,Red,2000,26512.68
360,806,199,21,2021-09-07,WAUGVAFR1CA697797,Yellow,1993,16213.44
361,767,225,15,2021-09-07,WDDEJ7KB0DA835385,Blue,1991,32954.35
362,850,258,19,2021-09-08,2HNYD18794H714123,Teal,2007,4902.83
363,886,453,22,2021-09-08,WAUBH54B01N274553,Fuscia,2009,20204.27
364,572,203,8,2021-09-08,5NMSG3AB0AH551195,Purple,1993,23751.95
365,771,56,2,2021-09-08,WAUEF48H48K629263,Fuscia,1985,38651.19
366,827,352,30,2021-09-08,1G6AB5SX0E0771655,Pink,1968,54228.17
367,622,250,20,2021-09-10,2T2BK1BA3BC975935,Maroon,2009,6025.73
368,990,94,10,2021-09-10,WAUJC68E43A495779,Teal,2009,13452.4
369,589,501,27,2021-09-10,WAUCFAFH4DN943691,Crimson,2002,25619.97
370,515,116,20,2021-09-10,JN1CV6AP9BM844288,Red,2007,30904.61
371,677,396,20,2021-09-10,3N1CE2CP8FL037394,Yellow,1999,35263.54
372,927,406,14,2021-09-11,W04GU5GCXB1064280,Green,1997,8674.55
373,291,437,20,2021-09-11,3C6TD5NT7CG706326,Indigo,2004,39023.75
374,873,235,28,2021-09-12,WBAUP7C55CV856928,Purple,2004,30241.64
375,461,148,2,2021-09-12,1FTWX3B54AE424461,Teal,1995,34491.39
376,99,505,25,2021-09-12,JA32X2HU9EU056346,Green,2010,36901.44
377,858,372,31,2021-09-12,WBA3A9C54EF896780,Fuscia,2004,40692.07
378,181,247,24,2021-09-12,WAUAKAFB0AN254855,Aquamarine,2008,41526.86
379,454,30,20,2021-09-12,JM3KE2BEXE0114200,Purple,2004,46888.36
380,948,347,5,2021-09-12,1FTMF1E80AK386099,Indigo,1986,54805.97
381,286,363,12,2021-09-13,5UXFE43589L222919,Violet,1994,8452.68
382,520,504,24,2021-09-13,WBAPH7C5XBA340628,Violet,1985,8611.76
383,139,261,30,2021-09-13,1GYEE437190671370,Red,2005,14506.86
384,242,47,10,2021-09-13,2C4RDGEGXER296247,Turquoise,1994,19265.44
385,634,77,9,2021-09-13,1G6AM5S33F0597721,Indigo,1996,21462.45
386,613,242,32,2021-09-13,3VW517AT0EM596717,Khaki,1992,26822.03
387,384,321,23,2021-09-13,3GYFNCE38CS108650,Teal,1996,31347.64
388,605,195,15,2021-09-13,WA1WMBFEXDD864799,Maroon,2012,34532.87
389,557,188,32,2021-09-13,JHMZE2H50DS892148,Purple,2010,51952.19
390,997,149,23,2021-09-14,5GADT13S542943363,Blue,2006,7283.81
391,155,336,19,2021-09-14,2G61N5S38F9017205,Goldenrod,2006,16211.02
392,597,230,14,2021-09-14,2LMDJ6JK8FB559448,Aquamarine,2012,16253.61
393,212,207,6,2021-09-14,SCBBP9ZA4BC646344,Turquoise,1993,17577.53
394,705,321,28,2021-09-14,1G6AZ5SX2E0002702,Maroon,1986,29002.45
395,185,189,17,2021-09-14,5UXZV4C57BL030099,Indigo,1964,40652.44
396,614,83,18,2021-09-14,WAUXL68E54A116963,Red,2012,50696.85
397,758,453,11,2021-09-14,1GTN1TEX9BZ429971,Mauv,2010,51373.85
398,199,147,32,2021-09-15,WBADS33441G014243,Mauv,1994,3393.75
399,875,15,4,2021-09-15,KMHTC6AD9FU371261,Goldenrod,2012,29176.81
400,756,159,8,2021-09-15,3VWKX7AJXBM194635,Teal,1996,30654.59
401,534,482,3,2021-09-16,1FMCU0C72BK957658,Turquoise,2007,10924.58
402,852,256,24,2021-09-16,YV4902DZ7C2208930,Green,1992,53625.89
403,717,42,17,2021-09-16,2HNYD18263H356692,Khaki,2007,54226.16
404,722,136,19,2021-09-17,1GYFC162X9R045658,Blue,2004,44314.33
405,424,98,20,2021-09-18,KNAFT4A28C5601718,Red,2000,5236.07
406,835,106,13,2021-09-18,WAUPL68E45A626965,Green,2004,21433.52
407,670,298,32,2021-09-18,KMHCM3ACXBU906157,Puce,1999,51108.03
408,293,102,25,2021-09-19,3C3CFFCR8FT203680,Violet,2012,7845.69
409,888,87,25,2021-09-19,3N1BC1AP8BL830106,Teal,1993,36137.79
410,344,314,13,2021-09-19,WVGAV7AX2AW652820,Aquamarine,2006,44338.45
411,268,161,7,2021-09-19,3C3CFFFH9FT676183,Teal,2009,46710.36
412,191,93,23,2021-09-19,JN1CV6FE8DM933036,Indigo,1994,49300.93
413,679,315,28,2021-09-19,1C4SDJCT2EC403055,Purple,2008,51041.23
414,661,424,14,2021-09-19,WBALW7C57CD353390,Fuscia,1964,53849.64
415,516,105,23,2021-09-20,WBADW7C5XCE205278,Aquamarine,1999,15599.64
416,354,523,29,2021-09-21,WAURD68D02A737568,Red,2001,35074.01
417,854,212,11,2021-09-21,WAUVT68E52A055716,Blue,2007,35581.4
418,1000,508,13,2021-09-22,4USBT33483L299993,Fuscia,2007,13605.27
419,137,287,11,2021-09-22,WVGAV7AX0AW878743,Mauv,2009,29550.06
420,469,309,17,2021-09-22,WAUDF78E58A549091,Indigo,2009,35514.29
421,379,298,17,2021-09-23,1G6AL5S36D0708780,Crimson,2010,50834.92
422,136,340,13,2021-09-24,1N6AA0EK5FN416193,Purple,1999,3046.82
423,91,277,28,2021-09-24,WA1YD54B72N036655,Yellow,2012,16310.93
424,594,368,21,2021-09-24,1GD312CG7DF646634,Turquoise,1994,37688.8
425,807,234,2,2021-09-24,JN1AZ4EH6CM400810,Maroon,2009,49676.04
426,272,469,8,2021-09-25,JTDKDTB37C1630120,Goldenrod,1996,54649.64
427,306,149,25,2021-09-26,WBALM7C5XEJ769007,Crimson,1992,3300.2
428,550,484,8,2021-09-26,4A4AP3AUXEE209882,Blue,2007,35502.23
429,582,506,32,2021-09-27,WDDHF7GB2FB886455,Indigo,2005,3085.81
430,374,9,11,2021-09-27,5YMKT6C57F0025424,Aquamarine,2010,6759.97
431,615,234,9,2021-09-27,19UUA9F77DA588570,Orange,2008,27580.63
432,950,151,7,2021-09-27,JA4AS2AW2DU104771,Purple,1993,50769.44
433,130,305,7,2021-09-28,JTEBU5JR8E5902005,Crimson,1998,9154.35
434,908,119,28,2021-09-28,WAUFFAFC7EN129277,Yellow,2000,10918.13
435,419,157,6,2021-09-28,3C3CFFAR7FT625748,Maroon,1989,24620.59
436,451,264,3,2021-09-28,SCBBR93WX8C190731,Purple,2008,47814.87
437,984,63,27,2021-09-28,1FTEX1CM1DF512341,Puce,1996,54449.53
438,599,419,17,2021-09-29,WBALW3C55EC730767,Red,2009,38466.06
439,69,259,28,2021-09-29,1N6AD0CU5CN848385,Yellow,2011,38978.18
440,442,486,13,2021-09-30,3N1BC1AP7AL322630,Crimson,2008,6927.69
441,96,343,16,2021-09-30,WP0AA2A8XFK300756,Teal,1998,6968.54
442,837,122,1,2021-09-30,SCFHDDAJ2CA084456,Teal,1992,27773.85
443,81,336,26,2021-09-30,5N1AA0NC9CN521211,Maroon,2010,32485.13
444,871,466,12,2021-09-30,1G6AM5SX3E0362544,Goldenrod,2001,38654.88
445,628,513,13,2021-09-30,KMHHT6KD6CU472256,Teal,2002,43580.45
446,971,374,15,2021-10-01,WBAGL63544D295213,Pink,1991,7467.69
447,543,513,6,2021-10-01,2T1BU4EE8DC605467,Orange,1998,25528.53
448,141,186,1,2021-10-01,3D73M3HL0AG823547,Teal,1986,25741.32
449,787,27,6,2021-10-02,1C4RDJEG0DC973634,Blue,1998,50931.48
450,152,349,20,2021-10-03,WDDEJ7HB2AA882453,Purple,2009,13416.91
451,194,352,6,2021-10-03,5J8TB18297A109968,Crimson,1990,30400.94
452,34,145,18,2021-10-03,WA1EFCFS3FR725556,Indigo,1994,31763.8
453,877,459,8,2021-10-03,1ZVBP8JSXC5695093,Yellow,1994,44212.76
454,453,16,25,2021-10-04,WBA3B5C51FP077128,Purple,2011,48227.71
455,611,108,8,2021-10-04,1G6DA5EY6B0480321,Teal,2010,51027.76
456,478,301,28,2021-10-05,5J6TF1H52DL757885,Maroon,1999,49506.72
457,265,353,15,2021-10-06,WAUWGAFC9DN935455,Green,1992,6066.72
458,538,215,7,2021-10-06,JHMFA3F29BS706536,Maroon,2002,22890.63
459,200,357,18,2021-10-06,KNAFT4A21D5731860,Crimson,2007,27349.68
460,249,78,30,2021-10-06,5J8TB4H3XFL758790,Pink,2012,54721.53
461,804,348,25,2021-10-07,5FNYF3H44EB707136,Purple,2000,6801.43
462,917,359,31,2021-10-07,WVWDB7AJXEW426746,Yellow,1984,30285.38
463,103,2,2,2021-10-07,3C3CFFAR7FT024386,Mauv,1993,33971.98
464,328,320,22,2021-10-08,4T1BF1FK1EU544248,Red,1989,49959.44
465,252,326,1,2021-10-09,5GADV23157D478499,Indigo,2008,15526.41
466,372,129,14,2021-10-09,WAUAH74F59N819801,Turquoise,1970,16291.02
467,387,63,19,2021-10-09,1FM5K7B86EG547289,Mauv,1993,44827.49
468,647,92,30,2021-10-10,SCBCR63W54C946463,Aquamarine,2007,21551.26
469,227,173,18,2021-10-10,WBAKF5C57DE021557,Indigo,2004,27926.12
470,780,272,22,2021-10-10,5N1AA0NC7DN138563,Blue,2005,40966.7
471,359,105,8,2021-10-10,2HNYD186X2H039922,Maroon,2000,54019.34
472,145,172,15,2021-10-11,VNKKTUD37FA413930,Violet,2009,4244.57
473,823,126,27,2021-10-11,1GT02ZCG9EF945749,Crimson,1999,8686.99
474,349,261,21,2021-10-11,WAULK98K79A038055,Goldenrod,2001,54839.52
475,340,172,25,2021-10-12,2T1BU4EE0DC939086,Fuscia,2009,50723.04
476,505,319,7,2021-10-13,1C3CDZBG8EN029504,Green,1993,33261.5
477,210,82,26,2021-10-13,WAUGF98K79A480503,Purple,1995,37526.06
478,772,346,11,2021-10-13,JTHBE5C25D5962385,Violet,1997,41190.62
479,991,98,28,2021-10-13,1C4AJWAG0FL379556,Mauv,2007,52425.58
480,626,65,13,2021-10-14,WA1CM94L19D032563,Violet,1996,18890.55
481,206,239,21,2021-10-15,1GYUKAEF1AR852167,Puce,2001,4992.02
482,302,4,3,2021-10-15,JN8AS5MT5AW401837,Violet,2008,5159.32
483,853,242,7,2021-10-15,5N1AN0NU5EN874383,Turquoise,2013,8096.83
484,633,353,5,2021-10-15,1FTKR1AD8AP390728,Crimson,2004,20462
485,409,357,19,2021-10-15,WBABS33403P204714,Green,2004,21423.23
486,132,276,11,2021-10-15,5GAKRBKD7FJ840775,Blue,2008,54042.97
487,838,391,28,2021-10-18,KNAFU6A29B5166912,Indigo,2012,16711.91
488,63,192,27,2021-10-18,5NPEB4AC3BH039493,Teal,1991,28188.52
489,632,76,30,2021-10-18,JM1NC2EFXA0788390,Maroon,1994,43758.78
490,64,12,29,2021-10-19,1FTMF1CW9AK460282,Aquamarine,1994,24060.37
491,942,481,3,2021-10-20,1G6AV5S86E0690241,Crimson,2004,51944.6
492,186,223,9,2021-10-21,19UUA56803A895319,Purple,2011,26219.68
493,676,252,7,2021-10-21,1J4AA2D13AL771966,Indigo,1999,40044.35
494,50,366,4,2021-10-22,WAUVF78K69A900425,Aquamarine,1993,20818.21
495,848,178,30,2021-10-22,SAJWA4EB3EL564869,Maroon,2012,25638.76
496,753,38,18,2021-10-22,WA1YL54B84N899633,Aquamarine,2012,30080.32
497,736,359,2,2021-10-22,1HGCR2E52EA526667,Khaki,1988,51751.36
498,675,265,9,2021-10-23,5N1BA0ND0FN046808,Mauv,1992,5611.6
499,225,378,15,2021-10-24,WBAHN83598D525098,Goldenrod,2003,7605.69
500,749,376,4,2021-10-24,WBAKE5C56BE584924,Aquamarine,2010,23395.8
501,460,372,18,2021-10-25,JTMHY7AJ8B4360513,Fuscia,2005,7406.75
502,693,321,19,2021-10-25,2T1KE4EE7CC838011,Pink,1990,32646.24
503,746,191,10,2021-10-25,4T1BF1FK4DU838340,Turquoise,1985,39203.25
504,551,358,22,2021-10-26,WAUHF78P59A276349,Crimson,1988,49608.4
505,100,359,14,2021-10-27,5UXKR2C59E0151331,Maroon,1993,11811.4
506,573,187,9,2021-10-28,1N6AA0EK2FN061225,Khaki,2010,23440.01
507,258,229,27,2021-10-28,KMHHT6KD7AU575635,Indigo,2006,35470.46
508,588,411,30,2021-10-29,WA1CMBFP1FA021681,Blue,2001,9144.44
509,609,137,7,2021-10-29,JTDKDTB38F1990176,Green,2007,21610.8
510,501,340,18,2021-10-29,3C4PDCBB7FT016811,Teal,1999,22741.57
511,144,96,23,2021-10-29,WBAVB73518F942628,Crimson,2010,26918.02
512,259,361,27,2021-10-29,5UXWX7C55F0582481,Aquamarine,2003,29965.63
513,937,345,18,2021-10-29,5TFAW5F18EX933322,Maroon,2007,32923.16
514,246,499,19,2021-10-29,1G6DZ67A390560460,Pink,1987,50450.27
515,271,40,27,2021-10-30,WAUDGAFL5BA475769,Maroon,2006,8252.16
516,443,474,11,2021-10-30,KMHTC6AD5CU394189,Pink,2010,26123.36
517,803,218,28,2021-10-30,4JGBB9FB0AA917060,Green,1992,36414.31
518,893,292,19,2021-10-30,SCBGT3ZA0FC567421,Yellow,1996,46614.08
519,529,273,31,2021-10-30,WBAPK5G50BN501545,Teal,2008,49588.29
520,322,171,17,2021-10-31,5N1CR2MN3EC205141,Red,2002,31675.83
521,629,354,9,2021-11-01,WAUSF78E68A983608,Pink,1986,7536.27
522,683,205,9,2021-11-01,2G4GK5EX0F9985826,Orange,2005,28241.97
523,890,216,18,2021-11-01,1GD02XEG7FZ169330,Pink,2006,29238.52
524,468,201,28,2021-11-01,WAUDL94F45N332784,Pink,1999,52777.38
525,913,225,13,2021-11-02,SALAB2D49CA321226,Purple,2004,10027.92
526,587,70,29,2021-11-02,5N1AR1NB9CC992695,Khaki,2011,18794.84
527,381,456,15,2021-11-03,2C3CDYBT0DH140577,Green,1963,7877.93
528,326,505,14,2021-11-03,WAUKF78E48A193983,Yellow,1993,19626.64
529,192,383,7,2021-11-03,1J4NF1FB3BD018372,Maroon,1995,22454.23
530,207,524,16,2021-11-03,1C3CCBAB2DN536381,Blue,2000,23716.84
531,802,489,20,2021-11-03,WBALW3C52FC237291,Mauv,2003,35042.02
532,697,491,1,2021-11-03,YV4940BL0D1347862,Fuscia,2008,44838.37
533,598,168,24,2021-11-04,SCBLE37G95C669606,Teal,1995,3913.53
534,127,200,12,2021-11-04,WBA3B5C53FF847335,Teal,1997,17496.28
535,276,94,30,2021-11-04,5UXZV4C59DL586370,Fuscia,1975,28052.13
536,178,441,18,2021-11-04,WAUBFBFL6AN759046,Violet,2012,37327.36
537,889,194,17,2021-11-04,SALSF2D44CA108130,Pink,1992,50865.25
538,182,232,30,2021-11-05,JM1NC2JFXC0824524,Crimson,2002,12878.72
539,932,290,23,2021-11-05,WBAEN33415E296435,Orange,1991,26593.54
540,631,367,10,2021-11-05,55SWF4JB3FU450377,Teal,1987,28387.37
541,630,410,31,2021-11-06,5UXZW0C56CL911545,Goldenrod,1992,4236.22
542,960,308,11,2021-11-06,JN8AS5MT4BW803043,Green,2004,18431.9
543,725,173,10,2021-11-06,1G6DF5E55D0036969,Aquamarine,1997,18452.81
544,508,418,23,2021-11-07,WBA4B1C55FG593053,Khaki,1987,19666.24
545,536,428,14,2021-11-08,JTJHY7AX2A4884868,Teal,1994,27039.69
546,432,285,8,2021-11-08,1G4HP52K554392768,Orange,1994,31429.27
547,606,173,23,2021-11-08,TRUTC28N231909555,Goldenrod,2012,32105.42
548,73,155,10,2021-11-10,2C3CDXJG4DH015029,Maroon,2008,3506.84
549,446,112,29,2021-11-10,1GT010CG9CF753890,Puce,2003,17800.42
550,518,171,10,2021-11-10,WDCYC3HF4FX692617,Crimson,2004,24264.82
551,351,102,19,2021-11-10,WAUYGAFCXCN843469,Khaki,1994,27205.63
552,229,222,21,2021-11-10,WAUJF78K99N172008,Blue,1995,42525.99
553,158,339,30,2021-11-10,1GD11ZCG5BF902377,Indigo,1994,51560.21
554,687,289,30,2021-11-11,WAUVT58E05A523365,Red,2012,43145.95
555,197,186,8,2021-11-12,1FTWF3D59AE232565,Green,2002,17826.04
556,833,165,12,2021-11-12,5J6TF1H5XDL532579,Goldenrod,1993,28891.15
557,769,128,14,2021-11-13,1GTCSBD93A8709696,Puce,2011,40851.87
558,283,488,28,2021-11-13,WDDLJ6HB1FA970242,Crimson,2012,52904.08
559,440,436,16,2021-11-14,1G6AH5S30E0499362,Turquoise,2011,38841.46
560,244,286,5,2021-11-15,1FMEU7DE9AU074898,Teal,2002,24153.81
561,826,215,24,2021-11-15,WAUAFAFL5CA070325,Turquoise,2002,43072.52
562,202,353,11,2021-11-15,19UUA9F24BA007172,Pink,1997,54193.89
563,891,43,20,2021-11-16,WVGAV7AXXFW047791,Khaki,2012,37357.36
564,902,97,24,2021-11-17,WBAHN03516D529614,Orange,1996,3251.14
565,842,301,9,2021-11-17,5N1AR2MM2FC200643,Maroon,1992,34302.63
566,574,99,2,2021-11-18,1D7RW3GK4BS765918,Green,2002,35952.83
567,459,160,1,2021-11-18,1GKUCFDJ1AR299644,Purple,2005,45524.86
568,360,409,19,2021-11-19,3C6TD5GT9CG674847,Goldenrod,1994,23104.86
569,548,248,4,2021-11-20,SAJWA6AT0F8990470,Orange,2012,16834.55
570,533,375,25,2021-11-20,WP0AA2A93CS278894,Khaki,2003,17619.11
571,966,104,28,2021-11-20,1N6AA0CA0FN706271,Violet,2008,28187.76
572,75,398,21,2021-11-21,1C3BC1FB8BN510394,Khaki,2000,11148.42
573,377,214,27,2021-11-21,SAJWA4HAXEM544714,Mauv,2003,25990.91
574,171,335,9,2021-11-21,1FTWX3B51AE832173,Green,2011,39135.52
575,719,225,3,2021-11-21,KMHGH4JH1CU206486,Pink,1993,49901.86
576,555,479,13,2021-11-22,WBAVC53508F310334,Crimson,1997,12554.06
577,251,186,10,2021-11-22,SCBLF34F13C346219,Blue,2011,15479.77
578,402,393,8,2021-11-22,WAUSGAFB3AN043610,Crimson,2004,16764.77
579,338,325,3,2021-11-23,WAU3FAFR9DA997309,Teal,2006,26134.53
580,567,332,27,2021-11-23,3C63D3GL5CG238419,Goldenrod,2003,33925.63
581,420,281,30,2021-11-24,WAUJC58E93A512988,Teal,2012,5024.85
582,498,348,7,2021-11-24,3C4PDDDG2FT677869,Pink,2010,19202.25
583,741,466,6,2021-11-24,JM1NC2EF0A0705209,Red,2001,32686.48
584,530,496,16,2021-11-24,WP0AB2A80FK665220,Blue,2010,33001.61
585,201,345,16,2021-11-25,3C4PDCEG3DT090232,Blue,2010,43377.49
586,759,225,27,2021-11-25,WAUXU64B83N457483,Crimson,1989,43765.83
587,637,299,13,2021-11-26,WBAUL73578V402103,Goldenrod,2005,28937.57
588,941,324,2,2021-11-26,1N6BF0KXXFN803912,Mauv,2005,40391.93
589,810,11,21,2021-11-27,1FTEW1CW4AK946552,Purple,2011,19505.94
590,12,339,26,2021-11-27,WA1VMBFE9BD701392,Goldenrod,2001,54021.3
591,153,270,30,2021-11-28,WBAKP9C56ED871241,Puce,2007,19957.44
592,541,311,28,2021-11-28,1GYS4DEF6CR991040,Puce,2002,38092.9
593,125,127,17,2021-11-29,1GYS4CKJ1FR300519,Khaki,1998,6822.55
594,156,285,15,2021-11-30,5N1AT2ML4FC206341,Green,2007,18218.01
595,39,348,16,2021-11-30,WBA6A0C50ED248552,Red,2012,34708.3
596,739,255,4,2021-12-01,2T3BFREVXDW643294,Orange,2008,8900.82
597,115,208,3,2021-12-01,1GD311CG7FZ018004,Blue,1995,26724.57
598,284,75,24,2021-12-01,1G6AB5R33F0624489,Yellow,2007,30913.21
599,6,63,20,2021-12-01,5NPDH4AE2BH028657,Mauv,1994,34057.42
600,308,254,3,2021-12-01,1FTEW1CW5AK397606,Khaki,2000,37812.8
601,235,54,21,2021-12-02,1G6KD5EY1AU095058,Crimson,2008,5730.21
602,395,53,11,2021-12-02,WAUKF78E15A853974,Orange,2009,9097.71
603,175,520,10,2021-12-02,W04GY5GV5B1323375,Aquamarine,1984,10923.25
604,799,414,24,2021-12-02,1GYS3GKJ3FR570121,Mauv,2000,15662.69
605,943,335,20,2021-12-02,WBA3A9G52FN923024,Green,2008,27862.93
606,988,350,11,2021-12-02,1C4RDJDG3CC430410,Goldenrod,2012,39915.5
607,401,227,13,2021-12-02,3GYFNFE33ES157260,Khaki,2005,51142.27
608,636,291,10,2021-12-03,1C3CDWEAXCD928566,Violet,2000,12265.09
609,452,491,12,2021-12-03,1G4GB5GR6CF192645,Indigo,2004,37878.15
610,148,213,3,2021-12-04,WBA1K5C55FV505818,Red,2010,27449.16
611,193,321,3,2021-12-04,WAUVC68E83A452404,Mauv,2005,33874.22
612,964,144,19,2021-12-04,WUARL48H25K786348,Green,1997,39261.7
613,305,193,29,2021-12-04,3CZRE3H30AG912871,Khaki,1987,43493.41
614,17,281,8,2021-12-04,SCFEBBAC8AG328300,Goldenrod,2006,52439.44
615,247,113,4,2021-12-04,1GYS3FEJXDR628003,Pink,2002,53659.31
616,68,486,32,2021-12-04,3C4PDCAB5FT979370,Violet,2008,54189.1
617,789,25,4,2021-12-05,19XFB2E57FE125730,Violet,2002,10289.02
618,825,264,22,2021-12-05,3C3CFFER7FT146403,Yellow,2008,27880.2
619,813,364,30,2021-12-06,1C4AJWAGXFL125952,Teal,1987,8884.54
620,345,432,24,2021-12-06,WAUJC68E53A831438,Indigo,2005,12849.7
621,123,74,4,2021-12-06,WBASP2C58DC768981,Red,1999,43116.78
622,682,10,20,2021-12-06,3VWAL7AJ2AM064547,Turquoise,1994,46932.05
623,851,120,17,2021-12-07,1N6AA0CCXBN053508,Indigo,1994,13218.64
624,511,302,13,2021-12-07,1GD12ZCGXCF211148,Maroon,1989,32832.25
625,549,346,3,2021-12-08,WDDLJ7DB1DA049292,Maroon,2009,6367.99
626,24,293,18,2021-12-08,1N6AA0CA8EN766491,Mauv,2004,17906.46
627,203,260,5,2021-12-08,4T1BD1FK8EU991536,Turquoise,2011,36581.51
628,939,365,7,2021-12-09,1FTMF1CW7AF641356,Maroon,1997,12907.32
629,728,485,5,2021-12-09,JM1NC2LF3D0570704,Teal,2004,25871.49
630,793,385,28,2021-12-10,JTHDU1EF8E5426343,Crimson,2005,6507.65
631,706,85,16,2021-12-10,3GYFNCE3XDS052034,Pink,2005,14618.62
632,118,74,9,2021-12-10,JM1BL1K58B1908126,Aquamarine,2011,14887.2
633,474,400,20,2021-12-10,JTDKTUD36DD741425,Fuscia,2012,47320.48
634,620,140,31,2021-12-11,5TDDK3DC3BS410521,Purple,1996,42787.87
635,450,493,7,2021-12-13,5N1CR2MN9EC364570,Indigo,1997,11722.8
636,90,285,10,2021-12-13,WP1AE2A22EL245904,Indigo,1994,22537.97
637,83,387,4,2021-12-13,1GTG5BE30F1701476,Maroon,2011,48445.08
638,124,366,30,2021-12-14,1N6AF0LX4EN500276,Violet,2012,39135.62
639,625,120,5,2021-12-14,1ZVBP8JS7A5312627,Blue,1997,39833.63
640,897,132,13,2021-12-14,WBAUP73568V663890,Khaki,1993,49061.14
641,253,257,13,2021-12-14,WBADN63402G996640,Pink,1994,52634.81
642,619,347,26,2021-12-15,4T3BA3BB3FU486572,Khaki,1996,37882.7
643,899,342,22,2021-12-15,WAURFAFR5BA275584,Green,2009,42815.13
644,102,242,24,2021-12-15,1VWAP7A32EC861412,Orange,2010,48275.95
645,476,301,15,2021-12-15,1D7CW7GP5AS148843,Orange,1990,51589.86
646,570,105,7,2021-12-15,1G6YV36AX85713060,Khaki,2004,54780.59
647,314,135,23,2021-12-16,1G6AH5RX5E0769744,Red,2010,11636.5
648,365,263,22,2021-12-16,JH4CL96968C902899,Aquamarine,2002,45496.35
649,983,303,26,2021-12-17,SALFR2BG7FH831391,Teal,2001,3822.74
650,805,80,10,2021-12-17,VNKKTUD36FA988066,Mauv,2008,3832.15
651,25,44,22,2021-12-17,19UUA76527A386565,Yellow,1994,6057.56
652,673,216,26,2021-12-17,1GD312CG4BF508210,Red,2006,18991.12
653,712,354,27,2021-12-17,WAURFAFR0BA653441,Fuscia,1987,37465.27
654,51,167,8,2021-12-17,5N1AR2MM5FC097668,Pink,1996,52697.27
655,800,55,1,2021-12-18,NM0GE9E77F1658683,Orange,2011,7603.06
656,426,324,18,2021-12-18,1C6RD7FPXCS103337,Turquoise,2007,44132.54
657,723,490,18,2021-12-19,19XFB2E58FE246752,Green,2008,22912.08
658,464,66,3,2021-12-19,5N1BA0ND2FN387854,Blue,1993,40225.93
659,18,362,9,2021-12-21,WBAVM5C53FV528154,Crimson,1997,51978.14
660,879,34,15,2021-12-22,4T1BF1FK4EU665372,Orange,2006,39719.7
661,791,323,30,2021-12-23,JN1CV6FE4DM789016,Red,2012,28881.12
662,367,256,22,2021-12-24,1G6DM57N040553972,Mauv,1992,31128.99
663,280,294,14,2021-12-24,1GYEE53A990996415,Goldenrod,2010,53382.54
664,77,422,17,2021-12-25,WVGAV3AX3DW007736,Blue,1971,14314.09
665,778,261,11,2021-12-25,4USDU53578L334539,Yellow,1998,25055.52
666,700,472,24,2021-12-25,3N1CN7AP0DL330980,Indigo,2011,27414.55
667,748,306,2,2021-12-25,5GAKRCKD4FJ971751,Indigo,2012,42858.02
668,894,352,25,2021-12-25,5TFAW5F16FX305454,Red,1985,54167.12
669,878,168,3,2021-12-26,WAULFAFRXBA003649,Teal,1987,4547.1
670,863,237,27,2021-12-27,1N6AF0LXXFN805234,Violet,1996,7662.27
671,149,505,12,2021-12-27,WUAPV54B23N786791,Maroon,2010,48720.41
672,556,165,12,2021-12-28,WP0CA2A85BS412643,Puce,1995,19872.02
673,755,133,18,2021-12-28,WBA3B9C59FP311118,Blue,2006,34292.09
674,535,445,16,2021-12-29,3D73Y3HL7BG502241,Green,2004,4471.79
675,525,404,10,2021-12-29,KNAGM4A73B5036953,Purple,1997,22378.71
676,601,327,31,2021-12-29,1GD312CG7BF902235,Pink,2011,43464.53
677,737,237,15,2021-12-30,WBANV1C54AB780558,Purple,2004,11467.92
678,398,243,29,2021-12-30,3GYFNGE36FS317686,Mauv,2007,25783.53
679,380,320,7,2021-12-31,WAUUL78EX8A718479,Green,2001,20915.4
680,238,64,2,2021-12-31,WAULC58E45A857535,Turquoise,1990,28301.59
681,168,47,29,2021-12-31,WBABN53453P977438,Indigo,2010,50751.97
682,72,109,7,2022-01-01,2G4WC582981729162,Red,2008,14154.81
683,774,292,4,2022-01-01,1G6AJ5S36F0403711,Mauv,1994,34395.59
684,715,422,9,2022-01-01,1G6AA5RA8D0701923,Pink,1979,38782.88
685,33,116,28,2022-01-02,WBAVB33536K287238,Blue,2004,11182.27
686,257,162,10,2022-01-02,WAUAF78EX7A338289,Blue,2005,13910.58
687,768,338,25,2022-01-02,WBASN4C54CC522607,Purple,1993,33217.1
688,421,197,27,2022-01-02,19XFA1F35AE993017,Aquamarine,1967,49184.04
689,944,139,1,2022-01-03,1FMEU3BE3AU375548,Green,2000,27101.96
690,423,212,26,2022-01-03,WBA3T3C54EJ073450,Purple,1998,42390.94
691,820,176,16,2022-01-04,WBAPH7C58BA050971,Pink,2002,28171.4
692,814,509,29,2022-01-04,WBADW7C57BE449548,Pink,1994,31279.76
693,656,121,7,2022-01-05,1G6AX5S32E0811118,Khaki,2007,19486.04
694,509,334,32,2022-01-05,1GYFK43848R341948,Pink,1985,40363.98
695,547,362,11,2022-01-05,3D7JV1EP6BG205814,Maroon,2000,41327.85
696,716,153,14,2022-01-06,4USFE83577L445792,Turquoise,2010,18834.61
697,776,297,30,2022-01-06,JN8AZ2NC5E9742362,Violet,2011,34197.39
698,211,377,3,2022-01-06,WBAYE8C54DD566555,Violet,2011,34781.19
699,840,13,4,2022-01-06,WBALM73509E238221,Yellow,2008,49831.54
700,430,176,7,2022-01-07,WBA3B3G5XEN062765,Indigo,2000,3191.78
701,704,156,21,2022-01-07,1D4PU4GK0AW142268,Khaki,1990,51255.01
702,237,402,3,2022-01-07,WAUSF98E87A209466,Blue,2001,52341.02
703,108,503,17,2022-01-08,WAUAFAFL1CN025102,Blue,2008,17013.2
704,487,215,9,2022-01-08,JTDZN3EU9FJ932142,Maroon,2003,48388.99
705,503,175,2,2022-01-09,5N1AA0NCXFN775126,Maroon,2008,11279.14
706,703,194,27,2022-01-09,WAUML64B02N155836,Teal,2004,29436.48
707,342,477,25,2022-01-09,JN1CV6FE0DM269928,Teal,2009,35624.32
708,522,265,28,2022-01-12,JTEBU5JR1F5688248,Mauv,1997,33683.82
709,226,494,26,2022-01-12,1FAHP2DW3AG693296,Goldenrod,2001,45640.33
710,945,440,24,2022-01-14,SCBZK25E21C248304,Indigo,1983,4772.88
711,816,367,29,2022-01-14,4T1BD1FK6EU766614,Purple,1988,13225.07
712,818,402,32,2022-01-15,WBAUC9C52DV211811,Aquamarine,1999,17840.87
713,783,84,11,2022-01-15,1FTSX2B56AE621950,Purple,2006,47373.75
714,678,218,16,2022-01-16,2C3CCAEG8FH155419,Orange,1996,38299.05
715,417,438,3,2022-01-16,1D7RE2GK5BS745822,Red,2013,38762.52
716,159,238,28,2022-01-16,WAUKF98EX6A713189,Goldenrod,2006,47825.61
717,982,211,32,2022-01-17,WAUAH78E27A740852,Red,2012,44271.59
718,116,179,32,2022-01-17,WVWED7AJXBW976393,Yellow,1967,45111.3
719,562,430,6,2022-01-18,WBSKG9C54CE750677,Puce,2008,39451.1
720,170,54,26,2022-01-18,19UUA65595A396177,Orange,2011,43189.68
721,981,131,15,2022-01-19,JH4DC53052C758224,Pink,1994,3643.39
722,868,251,21,2022-01-19,1GTN1UEH9EZ300342,Blue,1992,22200.41
723,830,20,12,2022-01-19,KNADM4A3XD6141714,Khaki,1991,34637.85
724,285,454,2,2022-01-19,3VWAL7AJ3AM938808,Purple,2009,36994.79
725,260,288,15,2022-01-20,WAU3GAFC2DN038707,Khaki,2009,25813.89
726,956,328,14,2022-01-20,1NXBU4EE9AZ076394,Yellow,1991,28125.87
727,720,52,3,2022-01-20,JH4CU2F40DC838135,Green,2005,29304.89
728,301,242,21,2022-01-20,3D7TT2CT4BG074533,Puce,2005,36540.43
729,977,506,26,2022-01-21,JTDKN3DP8D3319122,Mauv,2002,3769.56
730,111,437,18,2022-01-22,WAUDT48H14K464805,Turquoise,2008,4750.17
731,146,334,28,2022-01-22,1G4GB5GR8EF000807,Goldenrod,1994,8328.94
732,126,316,28,2022-01-22,WAUXL58E35A731958,Yellow,2010,35509.99
733,686,362,5,2022-01-23,1FBNE3BL6BD832360,Purple,2002,16621.47
734,602,97,4,2022-01-24,1N6AA0CC0FN065107,Maroon,2000,28192.41
735,608,175,29,2022-01-24,3VWKX7AJ1AM680345,Maroon,1998,48018.7
736,972,135,1,2022-01-25,TRUWX28N421578123,Maroon,2009,3721.68
737,968,114,31,2022-01-25,2C3CDYAG8DH637641,Mauv,2000,22052.82
738,416,82,8,2022-01-25,JTHFE2C26A2156763,Maroon,1993,24162.79
739,936,146,8,2022-01-25,SCBCU7ZA4BC949691,Aquamarine,1993,26110.43
740,881,407,30,2022-01-25,WAUXL58E54A864526,Aquamarine,1993,53239.43
741,965,445,31,2022-01-26,WBA3B1C54EF738485,Indigo,1999,4525.75
742,404,66,7,2022-01-26,JN8AF5MR4DT715199,Aquamarine,1987,23309.91
743,438,262,18,2022-01-26,2CTALBEW7A6962653,Turquoise,2008,27328.12
744,931,82,23,2022-01-26,2T3BF4DV4CW249616,Yellow,2001,42956.03
745,492,347,23,2022-01-27,WAUCKAFR2AA458053,Orange,1986,11879.6
746,243,317,12,2022-01-27,YV4902DZ8D2928058,Blue,2007,13192.8
747,138,426,13,2022-01-27,WVWBB7AJ7DW180714,Red,2005,16295.97
748,654,404,7,2022-01-27,KNDKG3A29A7576491,Khaki,1999,46889.92
749,845,169,5,2022-01-28,2G4GU5GC0B9917573,Khaki,2005,21260.7
750,970,309,21,2022-01-29,WBADS33451G422217,Yellow,1991,37662.34
751,911,436,9,2022-01-29,KL4CJBSB0DB170576,Maroon,2010,51725.26
752,575,451,31,2022-01-30,WAUDF78E15A912417,Red,2003,13836.57
753,996,152,21,2022-01-30,1D7RB1CP5AS943948,Teal,2012,53044.7
754,179,309,16,2022-02-01,WBA1K5C56FV982810,Violet,2000,34586.58
755,255,153,16,2022-02-01,2C3CDYCJ3CH438567,Red,2010,44152.45
756,254,334,19,2022-02-01,WAUAF48HX9K688012,Aquamarine,1987,47609.61
757,32,220,32,2022-02-01,WAUMK98K79A243511,Indigo,1993,50814.71
758,106,23,4,2022-02-02,WDDEJ7EB6DA420289,Purple,2007,10081.18
759,792,91,21,2022-02-02,WAUSF98K39N856424,Mauv,2009,34397.31
760,621,421,13,2022-02-02,WA1CGAFEXED617501,Orange,1988,45344.33
761,177,471,8,2022-02-03,1GD11ZCG6CF609749,Pink,1999,6291.17
762,962,483,15,2022-02-03,WAUVT68E74A148546,Indigo,1993,7918.59
763,36,380,8,2022-02-03,1G6KF54923U003026,Orange,1984,8830.23
764,183,381,11,2022-02-03,KM8JT3AB6DU251984,Pink,1993,49997.85
765,707,445,20,2022-02-04,YV1672MC3BJ975766,Pink,1999,5963.67
766,926,226,26,2022-02-04,JTJBC1BA2E2689611,Teal,2006,27323.06
767,482,445,10,2022-02-04,WP0AA2A93AS975480,Goldenrod,2002,29703.22
768,822,265,6,2022-02-05,SALFR2BN8CH339964,Goldenrod,1992,17496.03
769,692,223,25,2022-02-05,1FTWF3A53AE454622,Blue,2001,22101.02
770,22,448,23,2022-02-05,YV4902BZ9D1711630,Green,2008,33466.45
771,245,489,13,2022-02-06,WBASN4C59BC963390,Crimson,2011,8794.47
772,796,166,22,2022-02-07,WAU2GAFC2FN223760,Maroon,2002,25715.92
773,224,49,19,2022-02-07,3N1CE2CP3FL179314,Green,2012,29661.91
774,603,505,31,2022-02-07,WBAWB3C54AP839278,Khaki,2004,37037.17
775,565,187,32,2022-02-07,JN8AE2KP7C9429913,Fuscia,2007,46214.89
776,699,226,12,2022-02-07,WBAWL13557P080022,Turquoise,2000,52708.81
777,885,59,3,2022-02-08,1FTNF2B52AE382252,Yellow,2011,18986.97
778,928,512,20,2022-02-08,3VW467AT3CM464223,Red,2009,48748.22
779,612,332,8,2022-02-09,19UUA56922A962865,Pink,1992,23490.95
780,79,477,15,2022-02-10,WAUNF98P48A154949,Blue,2005,15531.55
781,479,481,17,2022-02-10,JTDZN3EU8E3981884,Fuscia,2005,41367.55
782,466,437,3,2022-02-10,WBA3V5C59F5024048,Green,2013,41599.88
783,57,138,15,2022-02-11,WAUEG74F66N150731,Goldenrod,1978,20094.93
784,664,241,25,2022-02-11,WAUBFAFL8FA851932,Mauv,2009,25300.24
785,724,310,2,2022-02-11,WBACK73481L825845,Fuscia,2005,54836.18
786,274,75,10,2022-02-12,YV440MBDXF1553988,Pink,2003,17571.27
787,786,37,24,2022-02-12,1G4HP54K854287896,Turquoise,2011,34122.03
788,221,291,13,2022-02-13,SCFBB04C69G965569,Purple,1990,5927.39
789,406,487,26,2022-02-13,SCFFBCBD3AG667077,Indigo,2012,23879.58
790,909,197,28,2022-02-14,1GKS1EEF2DR913199,Aquamarine,1972,8203.65
791,2,401,1,2022-02-14,1D4SE6GT5BC970072,Teal,2002,20776.35
792,339,361,10,2022-02-14,3GYFK62827G428565,Purple,2006,34167.53
793,623,287,6,2022-02-15,WAUDH78EX6A460124,Blue,2009,9441.48
794,930,88,18,2022-02-16,WA1CGBFE2CD861761,Aquamarine,2003,19318.95
795,532,390,9,2022-02-16,WDDEJ7GB4AA228717,Turquoise,2012,37944.07
796,312,239,8,2022-02-16,SCBLF44J47C252853,Goldenrod,1995,51990.87
797,569,467,14,2022-02-17,WBANF33556B010949,Goldenrod,2002,12858.06
798,590,50,25,2022-02-17,WVGAV7AX6AW873305,Orange,2001,18282.17
799,811,415,16,2022-02-17,WBA6A0C5XDD083592,Pink,1990,24938.41
800,809,94,2,2022-02-17,WAUEL94F46N405402,Fuscia,1988,33134.17
801,537,298,23,2022-02-19,WAUBFAFL4FA823657,Puce,2006,25872.78
802,946,90,31,2022-02-19,KMHHT6KD1CU828239,Turquoise,2009,33778.41
803,901,292,6,2022-02-19,WUARL48HX6K960488,Aquamarine,1996,39402.64
804,600,498,7,2022-02-20,1G6AB5S30F0513781,Purple,2010,17259.03
805,929,319,16,2022-02-20,SCFBF04B27G635131,Crimson,1994,28733.82
806,995,240,1,2022-02-20,WAUVFAFH1DN453850,Fuscia,2012,41876.52
807,986,511,11,2022-02-20,WAUHFAFL1DN029876,Violet,2008,51301.34
808,662,369,22,2022-02-21,WAUFFAFM8BA071823,Teal,2007,47279.49
809,97,267,27,2022-02-21,1GYS4GKJ1FR405827,Puce,2007,54966.91
810,403,292,29,2022-02-22,1GYEE53AX90463134,Indigo,2005,15127.4
811,348,114,1,2022-02-22,JH4CU2F60CC635844,Teal,2012,49732.43
812,472,242,14,2022-02-23,4A4JM2AS0BE765051,Green,1993,40473.34
813,195,523,19,2022-02-23,1G6AJ5S39E0599514,Aquamarine,2003,46874.21
814,375,194,12,2022-02-23,3D4PH5FV2AT814214,Red,1998,54706.37
815,41,64,20,2022-02-24,1G4HR54K814718323,Aquamarine,1999,30570.08
816,812,411,23,2022-02-25,3GYFNCE30ES159840,Orange,1996,17595.64
817,188,298,22,2022-02-25,WAUSF98E66A409986,Maroon,1999,20561.94
818,714,22,24,2022-02-25,1B3AZ6JZ4AV164528,Red,1986,41358.08
819,544,407,11,2022-02-26,3C4PDCEG7CT831299,Mauv,1992,10179.91
820,231,233,9,2022-02-26,WP0AB2A92FS359368,Yellow,1986,34418.16
821,121,269,13,2022-02-26,KMHHU6KJ6FU586457,Purple,2002,34738.04
822,270,239,18,2022-02-26,KNAFU5A25C5870536,Turquoise,2006,45660.89
823,872,176,4,2022-02-26,WAULD64B84N785325,Orange,1995,53122.19
824,363,99,31,2022-02-27,NM0AS8F72E1288605,Puce,1997,12129.09
825,261,225,10,2022-02-27,1N6AA0CA1DN105223,Purple,1988,24503.99
826,488,245,29,2022-02-27,SALGR2WF7EA528656,Red,2008,30585.4
827,95,3,25,2022-02-27,1G4GL5E35DF640371,Maroon,1995,40563.9
828,762,491,28,2022-02-27,WAUNF78P36A414386,Indigo,2004,42623.73
829,847,355,27,2022-02-27,JN8AZ2NC1D9365544,Red,2011,48485.66
830,493,177,17,2022-03-01,WAUXU64B42N093528,Puce,2001,11508.88
831,358,353,5,2022-03-01,1G4GE5EV5AF962998,Aquamarine,2004,44394.62
832,987,372,20,2022-03-02,SCFEDEAN9CG741259,Crimson,2008,15082.07
833,370,176,17,2022-03-02,JA4AP3AU6CZ385304,Crimson,1998,19947.4
834,173,99,29,2022-03-03,WAUDG74F59N462944,Maroon,2010,6094.59
835,959,182,18,2022-03-03,WBA3B9G5XEN884047,Teal,2007,46510.78
836,400,423,29,2022-03-04,WVWBN7AN0FE487564,Goldenrod,1973,25145.64
837,449,303,5,2022-03-05,JM3ER2A53C0744088,Puce,2004,13288.63
838,666,77,21,2022-03-05,JH4KB16518C012310,Turquoise,1997,16728.95
839,429,307,24,2022-03-05,1D7CW3GK2AS252753,Indigo,2013,41035.71
840,843,521,13,2022-03-07,WP0AB2A84CU797347,Red,1995,8362.12
841,568,113,3,2022-03-07,JTDJTUD30ED924395,Purple,2001,43180.5
842,507,515,25,2022-03-08,1GKS1GKC4FR697283,Maroon,2009,6757.67
843,59,527,4,2022-03-08,2FMPK4J93FB617535,Turquoise,2008,8453.75
844,866,23,23,2022-03-08,WAUKG98E16A588905,Aquamarine,2008,32812.47
845,1,61,30,2022-03-08,1FTEX1C8XAK163136,Teal,2006,46258.78
846,563,406,10,2022-03-09,5XXGM4A74DG670869,Blue,1999,29535.13
847,473,229,24,2022-03-09,WAUDFAFL5BN497637,Indigo,2007,33986.31
848,665,185,29,2022-03-10,1G6DM57N940540198,Green,2006,3755.24
849,223,298,4,2022-03-10,JTHBL5EF0F5497684,Puce,1993,10109.34
850,166,398,24,2022-03-10,1G6DZ67A490632122,Indigo,2006,16313.42
851,122,424,24,2022-03-10,4T1BF1FK8EU354446,Orange,1993,20235.69
852,457,343,9,2022-03-10,3C3CFFBR1ET169016,Fuscia,1993,28796.75
853,524,58,27,2022-03-10,JN8AF5MR9DT920999,Pink,1984,39703.39
854,836,244,12,2022-03-10,WAULC58EX3A070232,Yellow,2007,41637.1
855,331,361,13,2022-03-11,4USBT33464L333401,Purple,2009,10157.01
856,974,476,4,2022-03-11,5UXFE83599L044011,Indigo,2003,23437.45
857,644,120,12,2022-03-11,4T1BD1FK2FU678158,Goldenrod,2000,42891.35
858,596,302,30,2022-03-12,WBA5M2C52ED199420,Orange,1988,9491.6
859,949,154,22,2022-03-12,WA1LGAFE6BD634064,Indigo,2009,15450.37
860,216,44,2,2022-03-13,JN8AF5MRXCT578204,Purple,1999,4409.67
861,364,171,5,2022-03-13,1G4HK5ES2BU507221,Crimson,2010,7652.89
862,969,346,21,2022-03-13,1N6AA0EC2DN746251,Purple,2011,54730.3
863,979,195,14,2022-03-14,5N1AN0NWXDN213884,Crimson,1994,4531.65
864,448,195,23,2022-03-14,WBAYA8C53FD613766,Khaki,1988,15676.55
865,131,194,26,2022-03-14,WBA4A9C55FG409571,Turquoise,1989,29861.25
866,491,507,6,2022-03-14,1G6KY54992U737526,Fuscia,1995,46210.9
867,5,309,26,2022-03-14,KNAFU6A21B5757543,Aquamarine,1993,53432.59
868,13,242,23,2022-03-15,5GADV33L95D708937,Blue,1998,17001.79
869,685,293,32,2022-03-15,WBAGN83535D737342,Maroon,2002,17112.31
870,900,429,14,2022-03-15,1C3CDFBB9FD948633,Fuscia,2002,18913.34
871,263,217,10,2022-03-15,1G6EL12Y52B991308,Indigo,1996,26533.16
872,844,45,23,2022-03-15,3D7TP2CT2AG199727,Purple,2002,26901.89
873,484,86,11,2022-03-15,WAUSH98E97A202486,Yellow,1996,28944.9
874,445,479,25,2022-03-15,JTDKN3DP7E3218929,Mauv,1976,31164.12
875,180,312,29,2022-03-15,JN8AF5MR4ET803719,Violet,2009,33818.14
876,642,177,10,2022-03-16,2C4RDGBGXDR989211,Teal,2000,3353.61
877,695,63,19,2022-03-16,SCBFH7ZA3FC013746,Yellow,2000,9847.88
878,439,363,5,2022-03-16,3N1CN7APXEK502665,Crimson,1986,35491.27
879,35,418,20,2022-03-16,JTJHY7AX2E4714936,Pink,2001,50069.03
880,763,285,26,2022-03-16,JM3TB2CA2D0840673,Violet,2003,51167.67
881,222,288,8,2022-03-17,WAULFAFHXAN938362,Crimson,1993,16739.09
882,295,104,14,2022-03-17,WAUGGBFC8CN228887,Turquoise,2013,41621.09
883,660,375,31,2022-03-17,1G6DK8EG9A0573466,Pink,2005,44200.64
884,545,427,22,2022-03-18,WAULT58E15A152711,Mauv,1987,7185.36
885,884,452,23,2022-03-18,WBAKP9C56FD421641,Fuscia,2006,30464.38
886,458,202,10,2022-03-18,3TMJU4GN5BM475371,Indigo,1998,33125.11
887,867,99,3,2022-03-19,WA1DVBFE2AD018621,Purple,2005,10073.51
888,205,499,19,2022-03-19,WAU4GBFB3AN612549,Puce,1999,26365.04
889,94,196,12,2022-03-19,1G4GD5G31EF279393,Red,1992,47456.07
890,952,508,11,2022-03-20,WAUBF98EX7A747375,Blue,2000,6086.77
891,42,501,2,2022-03-21,WBA3V5C5XEJ206492,Indigo,1995,8206.38
892,86,228,15,2022-03-21,WBA4B3C55FD728254,Red,2009,10504.03
893,727,217,10,2022-03-21,JN1AJ0HPXCM007699,Puce,1995,10753.39
894,540,490,24,2022-03-21,JN8AZ2KR8AT701682,Crimson,2003,28373.22
895,316,173,11,2022-03-22,WAUKF98E18A736153,Mauv,1996,22948.47
896,924,100,28,2022-03-23,1D7RW3BK4AS283116,Indigo,1998,9854.8
897,701,388,19,2022-03-23,1C4NJPBA2CD289834,Violet,2005,22831.69
898,287,69,11,2022-03-23,1C6RD6MT4CS097495,Yellow,2004,50490.44
899,765,343,18,2022-03-23,WAUML54B32N474769,Violet,2005,53704.1
900,639,369,31,2022-03-24,2T1BURHE8EC794891,Green,2000,12148.07
901,209,526,11,2022-03-24,WBA5B1C53FG139873,Orange,2012,35198.19
902,732,94,15,2022-03-24,WAUVVAFR8AA173129,Aquamarine,1988,49559.37
903,44,32,8,2022-03-25,JH4CU25619C835738,Mauv,2009,19191.5
904,521,344,8,2022-03-25,KNAFK4A67E5123025,Mauv,2010,32435.47
905,998,343,23,2022-03-25,2C3CDXCT9FH380545,Puce,1985,34958.12
906,857,462,15,2022-03-26,3C6LD4AT8CG626159,Khaki,2004,35779.35
907,321,407,23,2022-03-27,5NMSG3AB3AH910605,Aquamarine,2004,22069.27
908,120,107,24,2022-03-27,KNAFU5A24D5941355,Blue,2006,43476.72
909,935,399,30,2022-03-28,1B3CB5HA0BD142167,Pink,2007,14441.48
910,135,490,20,2022-03-29,WDCYC3HF4DX201931,Puce,2011,10087.64
911,527,473,13,2022-03-29,WA1LFBFP3DA683480,Goldenrod,2003,25307.97
912,740,67,8,2022-03-31,WBAYM9C50DD259716,Orange,1992,26011.42
913,154,413,17,2022-03-31,1G6DR57V280162636,Maroon,1993,45416.59
914,76,6,22,2022-03-31,1FMCU9E75AK905201,Turquoise,2009,48968.61
915,462,397,30,2022-04-01,WAUHFAFL6BN245252,Yellow,1995,8358.11
916,311,417,16,2022-04-01,JM1NC2LF8F0613873,Red,1987,42456.79
917,641,87,30,2022-04-02,1G6DL8EV9A0312639,Orange,1968,10919.83
918,217,462,6,2022-04-02,WAUAF48H67K678090,Green,2005,16030.03
919,904,422,19,2022-04-02,5TFCY5F11DX314286,Maroon,1968,24234.72
920,465,425,28,2022-04-02,2G61N5S31E9745480,Aquamarine,2005,25813.72
921,129,268,13,2022-04-02,1G6DP5E3XD0854399,Goldenrod,2011,44740.5
922,220,47,15,2022-04-03,WAULT58E44A978130,Khaki,2000,4275.56
923,581,424,29,2022-04-03,19UUA56701A673559,Fuscia,1989,22951.11
924,490,71,10,2022-04-03,JH4CW2H52CC574477,Crimson,2001,33045.08
925,523,346,5,2022-04-03,1G6AK5SX2D0973511,Turquoise,1989,35248.36
926,389,274,11,2022-04-03,KMHHT6KD7EU916943,Indigo,2008,45957.15
927,480,450,32,2022-04-04,WAUDF78E67A006492,Maroon,2000,19619.36
928,431,480,12,2022-04-04,137FA843X1E893781,Goldenrod,1992,44268.1
929,579,326,28,2022-04-05,4T1BK1EB7EU106914,Crimson,2007,16117.46
930,989,459,25,2022-04-05,3HGGK5G52FM803178,Teal,1990,27680.43
931,593,110,16,2022-04-05,4T1BF3EKXBU104988,Goldenrod,2012,37378.61
932,7,94,5,2022-04-05,2G4GS5EK4C9970813,Khaki,2000,38242.98
933,922,423,20,2022-04-05,SCBCR63W34C838696,Puce,1964,41930.36
934,560,408,29,2022-04-05,2T1BPRHE4EC343755,Maroon,2008,51462.96
935,279,143,14,2022-04-06,2FMGK5B80FB134516,Mauv,1997,47210.35
936,98,307,28,2022-04-06,3VWF17AT1FM529338,Orange,2013,49877.74
937,47,280,3,2022-04-07,JHMZE2H38DS394066,Indigo,2001,10208.25
938,117,488,29,2022-04-07,1C3BC7EG9BN543081,Khaki,2005,13106.98
939,819,123,2,2022-04-07,WA1CGCFE7BD342239,Mauv,1999,15214.38
940,906,470,27,2022-04-07,137FA90341E560701,Puce,1987,22209.78
941,643,312,22,2022-04-08,1FT7W2A67EE914684,Blue,2004,28752.31
942,645,17,14,2022-04-08,WBA3A9G58EN840289,Green,2007,28783.74
943,236,55,20,2022-04-08,WAUVC58E02A132244,Turquoise,2012,36203.71
944,332,142,8,2022-04-09,1D4PU4GK6BW220103,Mauv,2005,23994.72
945,266,295,21,2022-04-09,WBAPM5G51BN026403,Teal,1993,49658.42
946,334,400,27,2022-04-10,SCBLC37F74C170265,Mauv,2010,11577.82
947,571,520,23,2022-04-10,5NPDH4AE7CH253612,Turquoise,1984,21687.86
948,649,469,1,2022-04-10,1G6AR5S31E0789994,Puce,1991,23883.57
949,256,264,16,2022-04-10,1VWAH7A3XCC730173,Crimson,2008,34488.34
950,343,223,26,2022-04-11,2T3BF4DV4CW267453,Mauv,2009,11759.2
951,164,348,25,2022-04-11,3D73Y4HL2BG976278,Yellow,2004,30186.19
952,531,214,14,2022-04-11,3D4PH5FV5AT642891,Turquoise,2013,31905.41
953,215,142,8,2022-04-12,WAUCFAFR6EA229336,Turquoise,1996,24062.04
954,62,8,27,2022-04-12,5BZAF0AA2FN831182,Goldenrod,2003,27855.05
955,652,267,6,2022-04-12,KMHFG4JG9CA294954,Violet,2001,48390.41
956,775,120,24,2022-04-12,JTJBM7FX8B5372652,Orange,1993,51487.81
957,371,163,6,2022-04-13,JA32X8HW5AU713674,Yellow,2012,41040.28
958,356,476,1,2022-04-15,WAUEFBFL6EA223742,Crimson,2010,32047.85
959,169,431,6,2022-04-15,1G6DH8E5XD0257074,Goldenrod,1992,46566.11
960,232,405,32,2022-04-16,WDDGF4HB6EG127320,Mauv,2001,6453.77
961,267,219,11,2022-04-17,JN1CV6EK1EM083212,Turquoise,1993,7714.64
962,751,181,2,2022-04-17,JA4AS3AW8DU516165,Yellow,2012,23566.74
963,65,442,16,2022-04-18,1G6AV5S86E0380574,Violet,1996,9415.22
964,109,190,28,2022-04-18,3GYFK66N46G628183,Teal,1986,26252.72
965,591,488,18,2022-04-18,WBAUL7C5XAV673405,Red,2011,27225.7
966,869,516,20,2022-04-18,WAUJGBFCXDN704855,Teal,1987,36886.86
967,10,320,12,2022-04-19,KMHTC6AD7EU373573,Blue,2000,8526.61
968,667,378,10,2022-04-19,3VWKZ8AJ3BM313559,Puce,2002,47305
969,770,5,27,2022-04-20,WAUEH78E76A064964,Indigo,2005,12728.94
970,376,202,19,2022-04-20,1N6AD0CW2FN913893,Goldenrod,1999,16930.64
971,564,164,8,2022-04-20,1FAHP3GN2AW933162,Yellow,1997,40478.86
972,386,233,7,2022-04-20,SCFFDCCD2BG765947,Pink,1994,53887.15
973,23,508,27,2022-04-21,4T1BD1FK7FU102341,Puce,2001,46568.45
974,554,165,3,2022-04-21,WBABW53495P772298,Goldenrod,1997,46703.49
975,691,346,16,2022-04-22,3D73Y3CL3BG413404,Aquamarine,1998,12514.47
976,650,445,15,2022-04-22,5TFCM5F16AX890608,Turquoise,2005,22278.45
977,976,261,8,2022-04-22,WAULC58E33A184072,Pink,2003,50973.64
978,954,49,23,2022-04-22,3C63D3NL4CG546409,Violet,2012,52634.4
979,373,238,13,2022-04-24,3VW4S7AT8EM618407,Fuscia,2009,3273.21
980,309,150,23,2022-04-24,JTDKN3DP1C3488185,Red,1993,9230.96
981,405,36,18,2022-04-24,WBAWR33577P174476,Aquamarine,2010,32769.76
982,963,39,15,2022-04-24,1GD02ZCG6DZ446254,Aquamarine,2011,36034.52
983,133,130,9,2022-04-25,JN8AS5MT7AW903765,Indigo,1989,44349.93
984,29,461,30,2022-04-25,WAUDL74F16N024543,Yellow,1986,47371.16
985,415,89,12,2022-04-26,4T1BK1EB8EU076094,Green,2005,8588.95
986,16,300,16,2022-04-26,SAJWA1C7XD8882485,Purple,2003,46247.27
987,801,296,7,2022-04-27,1G4GH5E30CF681295,Violet,2010,32000.81
988,407,233,13,2022-04-27,WAUNF98PX7A587061,Purple,1995,51784.21
989,411,268,25,2022-04-28,WAUPEAFM5AA821474,Orange,2004,17614.72
990,66,452,8,2022-04-29,WBA3B9G59EN047080,Red,2005,18778.89
991,163,352,8,2022-04-29,JN1AJ0HP6AM088133,Teal,1968,51585.6
992,790,331,29,2022-04-30,4T3BA3BB3DU743582,Red,1993,25985.63
993,43,108,14,2022-05-01,3D7JV1EP4BG921966,Goldenrod,2012,25324.9
994,8,109,28,2022-05-01,1FTEW1CF7FF906899,Green,2006,40657.56
995,233,449,19,2022-05-01,1G6AJ1R37F0901348,Orange,2006,53274.61
996,994,228,26,2022-05-02,5TDDK3DC6FS817271,Khaki,2010,51080.47
997,336,439,22,2022-05-03,WBAVB335X6P175443,Yellow,2011,9105.21
998,366,429,15,2022-05-03,JTDKDTB34E1927462,Goldenrod,2003,29444.57
999,674,301,22,2022-05-03,1D4RD2GG1BC485313,Yellow,1997,53850.45
1000,659,455,24,2022-05-04,1G4HR54K15U484130,Red,2012,21590.94
